,name,name_ticker
139,21viaNet,VNET
140,22nd Century Group,XXII
201,2U Inc.,TWOU
270,3D Systems,DDD
436,58.com,finance.yahoo.com
442,5BARz International,5barz-enters-big-data-market-130601337.html
468,6D Global Technologies,SIXD
543,8x8 Inc,EGHT
639,A10 Networks,ATEN
640,A123 Systems,a123-systems-ionic-materials-advance-170000950.html
647,A8 Digital Music,0800.HK
650,AAC Technologies Holdings,AACAY
661,Aastrom Biosciences,astm
683,Abattis Bioceuticals,attbf
687,ABB,ABB
693,Abbott Labs,ABT
743,Ablynx,ABLX
784,Abtech Holdings,ABHDD
792,Abzena,ABZA.L
796,A.C. Moore,AC.TO
802,Acacia Research,actg
816,ACADIA Pharmaceuticals,ACAD
838,Accelera Innovations,ACNV
839,Accelerate Diagnostics,AXDX
851,Accelerize New Media,vista-partners-updates-coverage-accelerize-130000964.html
852,Acceleron Pharma,xlrn
869,Accentia Biopharmaceuticals Inc,NGM
910,Acco Brands,ACCO
973,AcelRx Pharmaceuticals,ACRX
987,Achaogen,AKAOQ
1005,Achillion Pharmaceuticals,ACHN
1015,Aclaris Therapeutics,ACRS
1029,Acorda Therapeutics,acor
1032,Acorn International,ACINX
1061,ACS Global,AMCY
1086,Actinium Pharmaceuticals,atnm
1108,Actions Semiconductor,ON
1206,Acura Pharmaceuticals,acur
1208,Acusphere,ACUS
1238,Adamas Pharmaceuticals,adms
1239,Adamis Pharmaceuticals,ADMP
1251,Adaptimmune,ADAP
1258,"Adaptive Medias, Inc.",ADTM
1292,AdCare Health Systems,know-adcare-health-systems-inc-220710170.html
1310,Addex Therapeutics,ADXN
1325,Addus HealthCare,ADUS
1344,Adeptus Health,ADPTQ
1347,Adesto Technologies,adesto-technologies-solid-internet-things-205801816.html
1423,ADMA Biologics,ADMA
1477,ADP (Automatic Data Processing),ADP
1507,Adslot,ADS.AX
1542,Aduro BioTech,news
1549,Advanced Accelerator Applications,advanced-accelerator-applications-aaap-focus-124112797.html
1563,Advanced Cell Technology,cancer-stem-cells-technologies-global-091800057.html
1591,Advanced Media,3773.T
1605,Advanced Photonix,advanced-photonix-announces-record-monthly-170422374.html
1631,Advaxis,adxs
1712,Aegerion Pharmaceuticals,novelion-therapeutics-announces-subsidiary-aegerion-025320504.html
1724,Aehr Test Systems,aehr
1739,Aerie Pharmaceuticals,aeri
1753,Aerohive Networks,does-aerohive-networks-inc-nyse-194107934.html
1761,Aeropostale,aro
1783,Aethlon Medical,AEMD
1800,Affimed Therapeutics,AFMD
1921,Agenus,agen
1946,Agile Therapeutics,AGRX
1979,Agios Pharmaceuticals,AGIO
2154,AirNet Communications,ANTE
2175,Airspan Networks,MIMO
2186,AirTouch Communications,history
2249,Akebia Therapeutics,akba
2316,Alarm.com,ALRM
2361,Alder Biopharmaceuticals,alder-biopharmaceuticals-sees-hammer-chart-142902636.html
2366,Aldeyra Therapeutics,ALDX
2398,Alexion Pharmaceuticals,alxn
2401,Alexza Pharmaceuticals,why-alexza-pharmaceuticals-alxa-stock-195907028.html
2436,Alibaba,baba
2448,Align Technology,ALGN
2464,Alimera Sciences,ALIM
2525,AllDigital,ADGL
2546,Allergy Therapeutics,agy.l
2578,Alliqua,alliqua-biomedical-ceo-provides-shareholders-140635789.html
2590,Allon Therapeutics,NPCUF
2609,The Allstate Corporation,ALL
2645,Alnylam Pharmaceuticals,ALNY
2663,Alpha and Omega Semiconductor,AOSL
2688,AlphaSmart,2004-08-31-the-alphasmart-neo-portable-word-processor.html
2690,Alphatec Spine,atec
2758,AltiGen Communications,ATGN
2786,Altran,ALTP.L
2795,Altus Pharmaceuticals,cadila-pharmaceuticals-altus-formulation-announce-120000018.html
2847,Amarin,AMRN
2853,Amaya Gaming,iiroc-halt-amaya-gaming-group-132400971.html
2854,amaysim,BRJ.F
2859,Amazon,AMZN
2861,Ambarella,AMBA
2867,Amber Road,amber-road-ambr-hits-52-133501204.html
2876,Ambient Corporation,ambient-corporation-announces-voluntary-filing-213500248.html
2886,Ambow Education,AMBO
2898,Amedica,MGP.L
2909,American Addiction Centers,support-groups
2922,American Cannabis Company,ammj
2923,American CareSource Holdings,GNOW
2926,American Dental Partners,american-dental-partners-selects-led-123000866.html
2928,American DG Energy,adge
2965,American Science and Engineering,american-science-engineering-asei-focus-060113171.html
2979,AmeriPath,DGX
2995,Amgen,AMGN
2999,Amiad,AFSLF
3008,Amicus Therapeutics,fold
3073,Ampio Pharmaceuticals,ampe
3088,AmpliPhi Biosciences,APPB
3107,ams AG,ams.SW
3112,AMSC,AMSC
3138,Amyris Biotechnologies,AMRS
3147,Anacor Pharmaceutical,ANAC
3150,Anaeco,ANQ.AX
3193,Ancestry,ancestry-com-inc-acom-zacks-050026339.html
3209,Anda,news
3250,Anesiva,rockwell-medical-inc-appoints-industry-203000804.html
3286,Angie's List,ANGI
3329,Animoca Brands Corporation,animoca-brands-leads-130m-investment-020009267.html
3408,ANTERIOS,v1
3416,Anthera Pharmaceuticals,ANTH
3423,Antibe Therapeutics,ATE.TO
3434,AntriaBio,antriabio-set-major-short-squeeze-154854835.html
3499,Aoxing Pharmaceutical,AOXG
3554,Apigee,APIC
3587,Apollo Commercial Real Estate Finance,ARI
3596,Aposense,bioasis-technologies-inc-aposense-enter-200500614.html
3681,Appfolio,APPF
3728,Apple,AAPL
3758,Applied DNA Sciences,apdn
3759,Applied Genetics Technologies Corporation,AGTC
3766,Applied Minerals,amnl
3770,Applied Optoelectronics,AAOI
3920,APR Energy,apr-energy-announces-north-american-122400609.html
3998,AquaBounty Technologies,AQB
4032,Aquinox Pharmaceuticals,imagine-owning-aquinox-pharmaceuticals-nasdaq-182445033.html
4059,Aratana Therapeutics,aratana-therapeutics-inc-nasdaq-petx-142545928.html
4080,ARCA biopharma,abio
4083,Arcadia Biosciences,rkda
4099,Arch Biopartners,ARCH.V
4164,Ardelyx,ARDX
4184,Arena Pharmaceuticals,ARNA
4188,Ares Commercial Real Estate Corporation,ACRE
4195,arGEN-X,argx
4199,Rewalk Robotics,RWLK
4207,Argos Therapeutics,args
4217,ARHT Media,art.v
4219,ARI Network Services,ari-network-services-inc-aris-123112338.html
4253,Arista Power,ASPW
4333,ArQule,arql
4338,Array BioPharma,Arry
4350,Arria NLG,arraf
4366,Arrowhead Research,ARWR
4446,Artisoft,http:%5E%5Ebiz.yahoo.com%5Ep%5E_techno-softwr.html
4496,ARYZTA AG,ARYN.SW
4523,Ascendis Pharma,ASND
4531,Ascent Solar Technologies,ASTI
4562,Asia Pacific Digital,DIG.AX
4607,Aspen Aerogels,aspn
4611,Aspen Technology,AZPN
4703,Asure Software,ASUR
4708,Click2learn,CLKS
4719,Atara Biotherapeutics,atra
4731,ATEME,ATEME.PA
4746,Athenahealth,athn
4754,Athersys,ATHX
4837,Atossa Genetics,ATOS
4848,AtriCure,atrc
4897,Attunity,attu
4900,aTyr Pharma,life
4933,Audience,finance.yahoo.com
4956,AudioEye,AEYE
5011,Aura Systems,ausi
5024,Auris Medical,1
5065,Authentidate Holding,adat
5111,AutoGenomics,global-genetic-testing-industry-063800060.html
5183,Avacta Group,AVCT.L
5193,Avalanche Biotech,avalanche-biotechnologies-inc-announces-positive-200200882.html
5202,Avalon Pharmaceuticals,"AVALON,PHARMACEUTICALS,INC"
5210,Avanco Resources,AVB.AX
5267,Aventine Renewable Energy Holdings,GCEH
5272,AVEO Pharmaceuticals,aveo
5320,Avinger,AVGR
5328,Avista,AVA
5362,Avrupa Minerals,avu.v
5420,Axcelis Technologies,ACLS
5424,AXEL MARK INC.,3624.T
5458,Axion Power International,AXPWQ
5469,AxoGen,AXGN
5690,BAE Systems,BA.L
5708,Baidu,BIDU
5724,Bakers Shoes,SHOE.L
5743,Ballard Power Systems,BLDP
5796,Bango,BGO.L
5843,Baozun Commerce,BZUN
5885,Barnes & Noble,BNED
5896,Barracuda Networks,cuda
5977,Bavarian Nordic,BAVA.CO
5981,Baxano Surgical,baxano-surgical-inc-baxs-focus-053154414.html
6006,Bazaarvoice,bazaarvoice-announces-majority-investment-thomas-154600855.html
6074,Beacon Power,bcon
6278,NetPosa Technologies,300367.SZ
6346,Bellicum Pharmaceuticals,BLCM
6391,Benefitfocus,BNFT
6442,Ekso Bionics,ekso
6501,Besunyen (Beijing Outsell Health),besunyen-beijing-outsell-health
6591,Beyond Commerce,BYOC
6617,BG Medicine,BGMD
6827,BIND Therapeutics,bind-therapeutics-bind-looks-good-130401792.html
6834,Bingo.com,8220.HK
6853,BIO-PATH HOLDINGS,BPTH
6861,BioAmber,bioamber-inc-nyse-bioa-financially-211916486.html
6862,BioAnalytical Systems,bioanalytical-systems-inc-announces-corporate-200500052.html
6874,BioBlast Pharma,top-investors-bioblast-pharma-ltd-194721005.html
6876,Biocartis,BCART.BR
6881,Biocept,BIOC
6895,BioCryst Pharmaceuticals,BCRX
6901,Biodel,history
6902,BioDelivery Sciences International,BDSI
6933,Bioheart,2185.HK
6941,Biolase,BIOL
6945,BioLight Israeli Life Sciences Investments Ltd,profile
6946,BiolineRx,blrx
6969,"BioMedical Technologies Solutions, Inc.",ABMT
6983,BioMimetic Therapeutics,BOTHE.BR
6986,Biomoda,global-tumor-cancer-markers-market-130500929.html
6999,BiondVax,BVXV
7022,BioPharmX,did-biopharmx-corporation-nysemkt-bpmx-163719710.html
7045,BioSante Pharmaceuticals,ANIP
7053,BioScrip,bioscrip-inc-bios-relatively-good-230227970.html
7081,Biota Holdings,bota
7090,Biotie Therapies,bth1v.he
7092,BioTime,history
7141,Birks & Mayors,profile
7164,Bitauto Holdings,BT6.F
7178,BTCS,BTCS
7359,BlackBerry,BB
7361,Blackboard,"BLACKBOARD,BCC"
7597,Blue Calypso,blue-calypso-inc-bcyp-ceo-191501866.html
7606,Blue Earth,BERI
7637,Blue Nile,NILE
7683,bluebird bio,BLUE
7706,Bluefly,BFLY
7741,BLUEPHOENIX,bphx
7745,Blueprint Medicines,bpmc
7798,blur Group,does-blur-group-plc-lon-093706699.html
7815,BMC Software,bmc
7829,BNY Mellon,BK
7878,Body Central,BODY
7894,Boingo Wireless,WIFI
7924,"Bombardier, Inc",bbd-b.to
8132,BOS Better On-Line Solutions,bosc
8170,Bottomline Technologies,EPAY
8201,Bovie Medical,BVX
8206,Box,BOX
8237,Boyaa Interactive,0434.HK
8285,Brainjuicer,BrainJuicer%20Group%20PLC
8305,BrainStorm Cell Therapeutics,BCLI
8306,Brainsway,BWAY
8496,Bridgeline Digital,BLIN
8544,Brightcove,BCOV
8575,BrightSource Energy,concentrated-solar-power-market-rise-060500109.html
8612,Bristol-Myers Squibb,BMY
8657,BroadSoft,exclusive-broadsoft-explores-options-including-182811924.html
8663,Brocade Communications Systems,BCSA.DE
8855,Bulletproof Group Limited,investors-know-bulletproof-group-limited-043021571.html
9098,C-Bridge Internet Solutions,BR
9200,Cafe Press,prss
9220,CalAmp,CAMP
9246,California Bank of Commerce,CALB
9261,Calithera Biosciences,CALA
9263,Calix,CALX
9280,CallidusCloud,calliduscloud-adds-predictive-sales-forecasting-220511870.html
9307,Calpian,ROXIF
9341,Cambridge Heart,CATC
9354,Cambridge Technology Partners (CTP),en.ctp.co.jp
9361,Camelot Information Systems,camelot-systems-2q-profit-slips-180736745.html
9439,Canadian Solar,CSIQ
9451,Cancer Genetics,CGIX
9472,CanFite BioPharma,CANF
9481,CannaSys,cannasys-inc-announces-stock-ticker-130000443.html
9633,Cara Therapeutics,CARA
9662,Carbonite,why-carbonite-stock-popped-17-230400132.html
9666,Carbylan Therapeutics,CBYL
9678,Cardax Pharma,cdxi
9696,Cardica,salud-sergio-ag%C3%BCero-arritmia-card%C3%ADaca-190000540.html
9701,Cardinal Health,CAH
9707,Cardio3 BioSciences,cardio3-biosciences-nouvelle-unit%C3%A9-production-065900309.html
9726,CardioNet,2012-10-26-cardionet-inc-to-release-third-quarter-2012-earnin.html
9738,Cardiovascular Systems,CSII
9739,Cardiovascular Systems,CSII
9745,Cardium Therapeutics,crxm
9752,Cardo Medical,ATRY.MC
9762,Cardtronic,transaction-cardtronics-expected-close-june-142200554.html
9766,Care.com,care-com-crcm-upgraded-buy-170005433.html
9819,CarePayment,CPYT
9865,Caribou Coffee Company,caribou-coffee-ceo-u-franchise-142107979.html
9929,Carrizo Oil & Gas,carrizo-oil-gas-inc-crzo-171617118.html
9991,CAS Medical Systems,edwards-lifesciences-takes-over-cas-122812796.html
10027,Casey's General Stores,CASY
10087,Castlight Health,CSLT
10094,Catabasis Pharmaceuticals,CATB
10177,Cavitation Technologies,cvat
10179,Cavium,CAVM
10225,CDEL,DEL
10226,CDEX,CDEX
10227,CDI,CDI.PA
10239,CDW Corporation,CDW
10251,Cedar Realty Trust,CDR
10266,CEL-SCI,CVM
10268,Celator Pharmaceuticals,why-celator-pharma-cpxx-stock-215909017.html
10303,Cell Therapeutics,LCTX
10307,Celladon,CLDN
10323,Celldex Therapeutics,cldx
10325,Cellectis,ALCLS.PA
10388,Celsion,CLSN
10390,Akari Therapeutics,aktx
10403,Cempra,SRE
10415,Centene Corporation,CNC
10465,CenturyLink,CYT.SG
10485,Ceragon Networks,CRNT
10494,Cerecor,CERC
10498,Cerenis Therapeutics,0RAG.L
10500,Ceres,cwr.l
10541,Cerulean Pharma,CERU
10542,Cerus Corporation,CERS
10558,CFBank,cfbk
10614,Champions Oncology,CSBR
10648,ChannelAdvisor,ECOM
10692,CHARLES & COLVARD LTD,CTHR
10694,Charles River Laboratories International,CRL
10708,Charter Communications,CHTR
10757,Check-Cap,chek
10759,Check Point Software Technologies,CHKP
10803,Chegg,CHGG
10821,ChemoCentryx,CCXI
10849,Chesswood Group,CHW.TO
10865,Chiasma,chma
10899,Chimerix,CMRX
10904,China Biologic Products,CBPO
10913,China Intelligent Transport System Group,002355.SZ
10931,ChinaCache,ccih
10935,ChinaNet Online Holdings,CNET
10939,Alibaba Pictures Group Limited,1060.HK
11021,ChromaDex,CDXC
11093,Cidara Therapeutics,CDTX
11126,Cinedigm,CIDM
11235,Cisco,CSCO
11303,CityFibre,uks-cityfibre-create-10-000-230215998.html
11494,Clean TeQ,4CQ.BE
11620,Cleveland BioLabs,CBLI
11724,Clinical Data,insights-clinical-data-management-system-094300673.html
11838,Cloud Security,cloud-security-market-worth-68-163000662.html
11989,Clovis Oncology,CLVS
12046,CMGE,0302.hk
12063,CNS Response,CNS
12161,Code Rebel,CDRBQ
12218,Codexis,CDXS
12248,Cogeco Cable,CCA.TO
12251,Cogent Communications Group,ccoi
12309,Coherus Biosciences,CHRS
12452,Collegium Pharmaceutical,COLL
12469,"Color Kinetics, Incorporated",KNIT
12491,CoLucid Pharmaceuticals,heres-why-colucid-pharma-clcd-182706048.html
12510,CombiMatrix,news
12519,Comcast,CMCSA
12551,Commerce Bancshares,CBSH
12554,Commerce One,4496.T
12555,Commerce Resources,cce.v
12589,CommScope,COMM
12593,CYREN,CYRN
12628,CommunityOne Bank,cob
12674,Compass Diversified Holdings,CODI
12699,Complete Genomics,bgi-shenzhen-buy-complete-genomics-150425317.html
12738,Comprehensive Care,CHCR
12767,comScore,SCOR
12782,Conatus Pharmaceuticals,conatus-pharmaceuticals-reports-first-quarter-200510562.html
12801,Concert Pharmaceuticals,CNCE
12874,ConforMIS,CFMS
12942,Connecture,CNXR
13127,ContraVir Pharmaceuticals,holders
13132,Control4,control4-ctrl-upgraded-buy-does-130001234.html
13285,Copytele,copytele-changing-company-name-stock-205532639.html
13299,Corcept Therapeutics,CORT
13301,Cord Blood America,cord-blood-america-inc-announces-210000826.html
13337,CorEnergy Infrastructure Trust,CORR
13368,Corindus,why-corindus-vascular-robotics-skyrocketing-144900110.html
13371,Corium International,CORI
13380,CorMedix,CRMD
13382,Cornerstone OnDemand,csod
13385,Cornerstone Therapeutics,cornerstone-therapeutics-inc-stockholders-approve-192449695.html
13392,Coronado Biosciences,coronado-biosciences-cndo-rises-stock-134401278.html
13423,Corsair,CRSR
13428,Strongbridge Biopharma,SBBP
13496,Coty,COTY
13537,Quotient Technology,QUOT
13756,Cree,CREE
13786,Crexendo,CXDO
13797,"Crimson Forest Entertainment Group, Inc.",crimson-forest-hannover-house-announce-124500173.html
13818,Criteo,CRTO
13825,Critical Outcome Technologies,know-critical-outcome-technologies-inc-165207773.html
13850,Crocs,CROX
13891,CROSSROADS SYSTEMS,CRSS
13950,CrowdGather,crwg
13997,CrowdWorks,3900.T
14010,CRS Electronics,crs-electronics-announces-stock-option-213100229.html
14014,Crucialtec,114120.KQ
14021,Crumbs Bake Shop,CRMBQ
14043,CryoLife,CRY
14102,CSX Corporation,CSX
14116,Ctrip,TCOM
14136,"CUBED, Inc.",CUBE
14170,CUI Global,CUI
14213,CÜR Media,fr.finance.yahoo.com
14259,Curis,CRIS
14337,Cvent,cvt
14360,CyberArk,CYBR
14391,Cybershop,2008-01-30-sonys-cyber-shot-dsc-w110-leaks-as-well.html
14409,Cyclacel Pharmaceuticals,CYCC
14432,CymaBay Therapeutics,cbay
14443,Cynapsus Therapeutics,cynapsus-therapeutics-inc-cynapsus-announces-100100154.html
14462,Cyprotex,evotec-cyprotex-awarded-5-agreement-053010088.html
14483,Cytodyn,cydy
14486,"Cytokinetics, Inc.",CYTK
14488,Nuo Therapeutics,AURX
14490,CytomX Therapeutics,ctmx
14495,Cytori Therapeutics,XMPA.DE
14504,CytRx,cytr
14621,Dalradian Resources,dna.to
14642,DangDang.com,dang
14666,DAQO NEW ENERGY CORP,DQ
14784,Datalink,DATA%2CLINK
14814,Dataram,dataram-signs-strategic-sales-agreement-193045996.html
14821,Datasection,3905.T
14842,Datawatch Corp,dwch
14874,DAVIDsTEA,DTEA
14887,Day4 Energy,NEE
14923,DBV Technologies,DBV.PA
15008,Debt Resolve,debt-resolve-subsidiary-engages-three-130000417.html
15024,Decimal Software Ltd,DSX.AX
15129,Dejour Energy,dejour-energy-inc-announces-completion-210500954.html
15133,Del Mar Pharmaceuticals,DMPWW
15146,dELiAs,MLMED.NX
15176,Delphi,DLPH
15218,Demand Media,dmd
15221,Demandware,DWRE
15243,DeNA,DNACF
15278,DepoMed,depo
15295,Derma Sciences,dsci
15301,Dermira,lilly-buy-dermira-1-1b-140802682.html
15435,Dexcom,DXCM
15489,diaDexus,diadexus-inc-file-chapter-7-180642129.html
15560,Dicerna Pharmaceuticals,DRNA
15562,Dick's Sporting Goods,DKS
15610,DigiPath,DIGP
15631,Digital Ally,DGLY
15639,Digital Caddies,digital-caddies-joins-domedia-online-131000272.html
15640,Digital China Information Technology Services Company,000555.SZ
15725,DigitalGlobe,digitalglobe-buy-geoeye-453m-124724450.html
15757,Diligent,DILIGENT.BO
15811,Diodes Incorporated,DIOD
15816,Dipexium Pharmaceuticals,dprx
15854,DIRTT Environmental Solutions,DRT.TO
15883,Discovery Labs,first-exhibit-installed-discovery-lab-044440480.html
16025,DNA Dynamics,dna-dynamics-inc-signs-outsource-123000607.html
16117,Document Security Systems,DSS
16411,DragonWave,dragonwave-widens-distribution-fastback-radios-113000504.html
16434,Dream Link Entertainment,dream-entertainment-invests-creative-labs-170000654.html
16470,DreamWorks Animation,dreamworks-animation-skg-inc-dwa-122155427.html
16625,DSET Corporation,TDS
16702,DuPont,DD
16708,Durect Corp.,DRRX
16751,Dyadic International,dyai
16798,Dynasil,dysl
16801,Dynatronics Corporation,DYNT
16839,E-House,2048.HK
16867,E-TEK Dynamics,ETEK
16902,Eagle Pharmaceuticals,EGRX
16936,EarthLink,v1
17003,EasyLink,ESYL
17054,eBay,EBAY
17064,Ebix,ebix
17111,Echelon,Elon
17116,Echo Global Logistics,ECHO
17119,Echo Therapeutics,ECTE
17321,Edge Therapeutics,edge-therapeutics-enters-merger-agreement-113000261.html
17495,Egalet,EGLTQ
17530,eHi Car Rental,chinas-ehi-car-services-taken-132334211.html
17572,Ekinops,EKI.PA
17717,Eleven Biotherapeutics,EBIO
17742,Elite Pharmaceuticals,ELTP
17781,eLong.com,TEM.DU
17859,Emcore,EMKR
17878,Emergent BioSolutions,EBS
18019,Enablence Technologies,ena.v
18022,Enanta Pharmaceuticals,ENTA
18027,Enbridge,ENB
18100,Endocyte,ECYT
18106,Endologix,elgx
18138,Endurance Specialty Holdings,ENH-PB
18141,Endymed,ENDY.TA
18176,Energy Focus,EFOI
18202,EnerLume Energy Management,the-global-home-energy-management-101500134.html
18206,EnerNOC,Enoc
18234,Engagement Labs,el.v
18292,Enjoyor,300020.SZ
18331,Enphase Energy,ENPH
18388,Entelos,es.finance.yahoo.com
18392,EnteroMedics,ETRM
18430,Entravision Communications Corporation,EVC
18451,Enumeral Biomedical,profile
18464,Envestnet,ENV
18509,Enzymotec,investor-network-enzymotec-ltd-host-105000030.html
18533,Cricket Media,epals-announces-rebranding-cricket-media-093000083.html
18534,EPAM Systems,EPAM
18544,Epazz,epaz
18581,Epigenomics AG,ECX.DE
18604,Epizyme,epzm
18662,Equifax,EFX
18667,Equinix,EQIX
18744,ERYtech Pharma,eryp.pa
18764,ESCO Technologies,ESE
18807,Esperion Therapeutics,ESPR
18810,Espial Group,does-espial-group-inc-tse-155513209.html
18938,Etsy,ETSY
18960,euNetworks Group Limited,eunetworks-met-service-nouvelle-infrastructure-161700885.html
18996,Euthymics Bioscience,INVO
19000,"ev3, Inc",TSLA
19076,Eventure Interactive,evti
19152,Everyday Health,healthy-living
19172,Everyware Global,everyware-global-relies-symmetrys-sap-115600646.html
19217,Evoke Pharma,EVOK
19220,Evolent Health,EVH
19278,Exact Sciences,exas
19503,Extended Systems,stay
19565,EyeGate Pharmaceuticals,EYEG
19698,Facebook,FB
19750,FairPoint Communications,frp
20054,Fate Therapeutics,fate
20436,Finisar,finisar-fnsr-catches-eye-stock-123612424.html
20470,FireEye,FEYE
20509,First Data Corporation,FDC
20523,First Solar,FSLR
20589,Fitbit,5FB.DE
20645,Five Below,FIVE
20650,Five Prime Therapeutics,fprx
20654,Five9,FIVN
20775,FleetCor Technologies,FLT
20777,FleetMatics,verizon-buy-fleetmatics-2-4-121441409.html
20790,Flex Pharma,FLEX
20808,Flexion Therapeutics,flxn
20816,FlexShopper,FPAY
20820,Flextronics International,FLEX
21004,Fluidigm,fldm
21097,Foamix,foamix-pharmaceuticals-report-third-quarter-120005139.html
21109,Focaltech Systems,3545.TW
21114,Focus Media,002027.SZ
21119,Focus Ventures,focus-ventures-signs-mou-off-153906599.html
21360,Fortinet,FTNT
21480,Fracktal works,FRACTL.ST
21512,Frankly Inc,TLK.V
21525,FreakOut,6094.T
21576,FreeMarkets,v1
21584,Freescale Semiconductor,NXPI
21618,Fresenius Medical Care,FMS
21670,FriendFinder Networks,friendfinder-networks-achieves-court-judgment-023100761.html
21791,FuelCell Energy Inc,FCEL
21827,Full Speed Inc.,2159.T
21959,Fusion Telecommunications,concerned-fusion-telecommunications-international-inc-183430856.html
22044,G-mode,2333.JP
22090,GaiaX,GAIAX
22093,GAIN Capital,GCAP
22102,Galapagos,glpg
22207,GAMEVIL,063080.kq
22239,Gander Mountain,GMTN
22412,Gelesis,news
22461,Gene Techno Science,GENE
22477,GeneNews,news
22486,General Communication,top-investors-general-communication-inc-164035605.html
22489,General Dynamics,GD
22490,General Electric (GE),GE
22505,Generex Biotechnology,GNBT
22512,Genesco,GCO
22527,Genetic Technologies,GENE
22575,Genocea Biosciences,1
22621,GenVec Inc.,GVC1.MU
22660,GeoOp,does-geoop-limited-nzse-geo-040419046.html
22676,Geos Communications,GEOS
22680,GeoSentric,geocentric-media-districtofcolumbia-com-now-205114266.html
22696,GeoVax,govx
22704,Geron,GERN
22742,Freelancer,FLN.AX
22817,Gevity HR,fr.finance.yahoo.com
22818,Gevo,GEVO
22838,Giant Interactive Group,GGLT
22888,GIGA TRONICS,GIGA
22899,GigaMedia,GIGM
22900,Gigamon,gimo
22928,GigsJam,id1042289117
23080,GlassesOff,im-not-ugly-just-wear-194449179.html
23094,Glaukos,GKOS
23147,Global Blood Therapeutics,GBT
23241,GlobalWise Investments,finance.yahoo.com
23243,Globant,GLOB
23249,Globecomm Systems,global-maritime-satellite-communication-market-103800227.html
23253,GlobeImmune,GBIM
23269,Globus Medical,GMED
23282,Glori Energy,GLRI
23306,Glu Mobile,gluu
23328,GlycoMimetics,glyc
23450,GoFish,PxtT4518KEDw2Nt65jg7eQ--
23462,Gogo,gogo
23507,Golden Dragon Holdings,holdings
23519,Golden Star Resources,GSS
23585,Good Times Restaurants,news
23629,Google,GOOG
23658,GoPro,GPRO
23909,Great Basin,GBEI
23911,Great East Energy,GEEC.L
23927,GREE,GREE
23944,Green Dot Corporation,GDOT
24032,Greenko Group,greenko-energy-holdings-moodys-assigns-113207627.html
24090,Greenway Health,GWTI
24247,Groupon,GRPN
24271,GrowBLOX,GBLX
24281,Growlife,PHOT
24296,GrubHub,GRUB
24334,GT Advanced Technologies,GTAT
24350,GTx,GTX
24404,Gudeng Precision,3680.TWO
24425,Guidance Software,fv
24439,Guided Therapeutics,GTHP
24464,gumi,3903.T
24472,Gunosy,6047.T
24511,GW Pharmaceuticals,gwph
24598,Hadasit Bio Holdings,HSITF
24657,Halozyme Therapeutics,HALO
24734,Hansen Medical,fin-srch
24738,Hanwha SolarOne,hqcl
24779,Happy Tom,community
24935,HCI,HCI
24993,Health Discovery,HDVY
25055,HealthEquity,HQY
25098,HealthStream,HSTM
25109,HealthWarehouse.com,HEWA
25111,Healthways,hway
25160,HeartWare International,medtronic-expand-heart-failure-portfolio-104701788.html
25162,Heat Biologics,HTBX
25195,Heilongjiang Weikang Bio-Tech Group,AMHD
25207,Helicos BioSciences,pacb
25378,HESKA,HSKA
25428,hhgregg,HGGGQ
25487,Higher One,ONE
25607,Histogenics,HSTO
25679,HMT Technology,603306.SS
25725,Hologic,HOLx
25732,Home Bancorp,HBCP
25773,Homeowners of America Holding,acquisition-homeowners-america-porch-group-220000201.html
25830,Honeywell,HON
25905,Horizon Discovery,hzd.l
25909,Horizon Technology Finance,HRZN
25910,Horizon Pharma,HZNP
25922,Horsehead Holding,mohnish-pabrai-sells-horsehead-holdings-232527926.html
25926,Hortonworks,HDP
25998,Hottolink,3680.T
26023,HouseValues,property
26065,HTG Molecular Diagnostics,HTGM
26113,HubSpot,HUBS
26246,Hybrid Paytech,hybrid-paytech-world-inc-cse-001800277.html
26267,Hydrogenics,HYGN
26332,Hypertension Diagnostics,HDII
26362,i-Cube,icube-r-smart-storage-system-140000929.html
26499,iCAD,ICAD
26570,iCo Therapeutics,ico-therapeutics-inc-announces-tsx-001100786.html
26588,ICONIX BRAND GROUP,ICON
26660,Ideal Power,IPWR
26698,Identiv,INVE
26702,Idera Pharmaceuticals,IDRA
26738,iDreamsky Technology,1119.HK
26832,Ignyta,why-ignyta-inc-stock-soaring-141500734.html
26834,iGo,igo.ax
26883,iKang Healthcare Group,kang
26984,ImageWare Systems,IWSY
26993,Imagination Technologies,apple-imagination-technologies-deal-113501713.html
27023,ImaRX Therapeutics,AXSM
27060,IMImobile,IMO.L
27089,Immune Design,sanofi-collabore-immune-design-mettre-065500358.html
27090,Immune Pharmaceuticals,IMNPQ
27101,Immunicon (Now VERIDEX a Johnson & Johnson Co.),JNJ
27107,ImmunoGen,IMGN
27110,Immunomedics,immu
27114,Immunovaccine,IMV.TO
27117,ImmuPharma,IMM.L
27141,IMPAC Medical System,IMH
27181,Imperva,impv
27209,Imprimis Pharmaceuticals,immy
27211,Imprivata,impr
27224,IMRIS Inc.,IMRSQ
27324,inContact,nice-incontact-named-market-share-113000835.html
27361,Independent Bank,IBTX
27492,Infinera Corporation,INFN
27517,Infinity Augmented Reality,infinity-ar-brain-behind-augmented-100000222.html
27522,Infinity Pharmaceuticals,infi
27557,Infoblox,2IB.F
27612,Infoteria Corporation,finance.yahoo.com
27628,Infrasoft Technologies,regtech-global-market-report-2021-111200536.html
27749,Innate Pharma,iph.pa
27764,InnerWorkings,innerworkings-inwk-surges-stock-moves-152703772.html
27779,Innocoll Holdings,innocoll-biotherapeutics-plc-announces-first-124300072.html
27893,Inogen,INGN
27896,Inotek Pharmaceuticals,todays-research-reports-biotech-stocks-133000086.html
27917,INPHI,IPHI
27918,InPhonic,INPC
27959,Inside Secure,profile
28017,Insmed,INSM
28041,InspireMD,NSPR
28123,Instructure,INST
28127,Insulet,PODD
28143,Insys Therapeutics,NPR1.F
28160,Intec Pharma,NTEC
28167,Integra Telecom,INTELSOFT.BO
28203,Integrity Applications,IGAP
28218,IntelGenX,igxt
28227,Inteliquent,iqnt
28245,Intellicheck Mobilisa,IDN
28263,Intelligent Energy,002015.SZ
28298,Intellipharmaceutics International,ipci.to
28299,"IntelliQuest Information Group, Inc",INS
28371,Intercept Pharmaceuticals,icpt
28375,Intercloud Systems,icld
28380,IntercontinentalExchange,ICE
28401,Interleukin Genetics,2013-03-21-interleukin-genetics-inc-announces-conference-call.html
28405,Intermap Technologies,itmsf
28412,Intermolecular,had-bought-intermolecular-nasdaq-imi-192406663.html
28419,International Barrier Technology,international-barrier-technology-fire-resistant-133336316.html
28446,"Internet America, Inc.",finance.yahoo.com
28451,Internet Gold - Golden Lines,igldf
28469,Interplay Entertainment,IPLY
28479,Intersect ENT,XENT
28559,Intrexon Corporation,I5X.SG
28588,Intuit,INTU
28619,InvenSense,INVN
28626,Inventergy,invt
28641,Inverness Medical Innovations,GMVD
28713,Invitae,NVTA
28741,Invuity,IVTY
28828,iPayment,IPSI
28988,Ironwood Pharmaceuticals,IRWD
29040,iSignthis Ltd (ASX : ISX),TA8.F
29046,Isis Pharmaceuticals,ions
29068,iSoftStone,chinas-isoftstone-says-ceo-led-group-cuts-buyout-140243838--sector.html
29109,iStyle Inc.,3660.t
29174,ITM Power,ITM.L
29212,iTwin,sewerai-acquires-funding-bentley-itwin-145400603.html
29295,IXIA,v1
29304,IZEA,IZEA
29348,Jabong.com,top-6-ecommerce-websites-in-india-photo-1374728087116.html
29352,Jack in the Box,JACK
29383,Jaguar Animal Health,JAGX
29461,JAYS,jay.l
29466,Jazz Pharmaceuticals,JAZZ
29482,JD.com,JD
29542,JetPay,JTPY
29624,Jive Software,investor-network-jive-software-inc-144500754.html
29899,JuMei.com,JMEI
29941,Juniper Networks,JNPR
29949,Juno Therapeutics,history
29968,Just Eat,TKWY.AS
30024,K12,LRN
30033,K2M,KTWO
30125,KaloBios Pharmaceuticals,HGEN
30168,Xunlei,XNET
30243,Karyopharm Therapeutics,KPTI
30392,KemPharm,kmph
30502,KEYW Corporation,KEYW
30654,Kindred Biosciences,news
30684,Kingdee,0268.HK
30699,Kingsoft,KC
30726,Kior,KIOR
30733,Kips Bay Medical,kips-bay-medical-announces-u-213621281.html
30758,KIT digital,news_body_link
30761,Kitara Media,GAME
30773,Kite Pharma,
30919,Knight Therapeutics,GUD.TO
31080,KongZhong,KZ
31138,Kosmos Energy Ltd.,KOS
31226,KUBOO,SGTB
31385,La jolla Pharmaceutical,LJPC
31435,LabStyle Innovations,DRIO
31438,Laclede Group,SR
31544,Lantronix,LTRX
31607,LatAm Autos,many-latam-autos-limited-asx-001210876.html
31726,LDK Solar,LDK
31729,LDR Holding,LDRH
31996,Lending Club,LC
32021,Lennar Corporation,LEN
32023,Lenovo,LNVGY
32103,LeTV,v1
32114,Level 3 Communications,lvlt
32148,Lexicon Pharmaceuticals,LXRX
32194,Liberty Global,LBTYA
32268,Lifeloc Technologies,LCTC
32269,LifeLock,LOCK
32310,LifeVantage,LFVN
32326,Ligand Pharmaceuticals,lgnd
32355,Lighting Science Group,LSCG
32356,LightInTheBox.com,LITB
32390,Lightwave Logic,LWLG
32446,Lime Energy,LIME
32473,LIN TV,LIN
32501,Linekong,8267.HK
32550,LinkedIn,yahoo-finance
32569,MNC Media Investment,bhit.jk
32646,Liquidmetal Technologies,LQMT
32807,LivePerson,LPSN
32843,Living Cell Technologies,LVCLY
32867,Lixte Biotechnology Holdings,lixt
32924,Local Corporation,LOCMQ
33017,Lockheed Martin,LMT
33019,"LOCKON CO.,LTD.",LOCK.L
33100,LogMeIn,logm
33119,LoJack,calamps-lojack-espa-connected-car-080000402.html
33339,Loxo Oncology,loxo-lly-loxo-oncology-stock-184759157.html
33356,LPATH,PATH
33386,Lucibel,aluci.pa
33474,Lumenpulse,lumenpulse-completes-going-private-transaction-142155781.html
33479,Lumera Corporation,WDC
33525,Lumos Networks Corporation,buy-lumos-networks-corp-lmos-011308488.html
33576,Luxoft,luxoft-lxft-report-q4-results-143002243.html
33606,LX Ventures,insider-roster
33664,M/A-COM Technology Solutions,MTSI
33737,MabVax Therapeutics,investors-feel-mabvax-therapeutics-holdings-184324969.html
33764,Macquarie Group,mqg.ax
33766,MacroCure,mcur
33768,MacroGenics,MGNX
33774,MacroSolve,macrosolve-upgrades-macrosolve-com-website-110000125.html
33856,Magic Software Enterprises,mgic
33913,Magnum Hunter Resources,magnum-hunter-resources-corporation-become-214500109.html
33977,Mainstay Medical,mainstay-medical-announces-us-108-130000928.html
33981,MainStreet Bank,mnsb
34021,MakeMyTrip.com,MMYT
34157,Manitex International,MNTX
34160,MannKind Corporation,MNKD
34241,Marathon Patent Group,MARA
34268,Marin Software,MRIN
34269,Marina Biotech,marina-biotech-announces-license-agreement-151415969.html
34281,Marinus Pharmaceuticals,MRNS
34329,Marketo,mkto
34349,Markit,INFO
34376,Marrone Bio Innovations,MBII
34511,Materialise,MTLS
34531,Matomy Media Group,imagine-owning-matomy-media-group-144740392.html
34553,Mattersight,matr
34600,Maximus,MMS
34602,MaxLinear,MXL
34607,MaxPoint Interactive,time-buy-maxpoint-interactive-inc-230309338.html
34619,Maxwell Technologies,300751.SZ
34677,MCK Communications,mck
34761,Mecox Lane,mecox-lane-announces-investment-cnshangquan-110052630.html
34791,Medbox,medbox-emerging-marijuana-player-disaster-waiting-happen-181429725.html
34819,Medgenics,history
34845,Mediabistro Inc.,2013-06-13-webmediabrands-inc-changes-its-name-to-mediabistro.html
34912,Medical Cannabis Payment Solutions,REFG
34951,MediciNova,MNOV
34967,Medigus,MDGS
34999,MediSwipe,mediswipe-inc-announces-corporate-name-123000797.html
35016,MediWound,MDWD
35029,Medmira,MIR.V
35031,MEDNAX,MD
35073,Medtech SAS,MTACU
35173,MEI Pharma,meip
35177,Meihua,600873.SS
35205,MELA Sciences,SSKN
35220,Mellanox Technologies,nvidia-completes-acquisition-mellanox-creating-072526144.html
35249,MEMC Electronic Materials,t
35261,Memex Automation,memex-automation-tsx-v-oee-140000881.html
35288,MEMSIC,MEMS
35401,Meridian Waste Solutions,does-meridian-waste-solutions-inc-193321460.html
35424,Merrimack Pharmaceuticals,mack
35486,Metabolix,METEX.PA
35541,Metaps,6172.T
35550,MetaStat,mtst
35699,Michaels Stores,michaels-signs-deal-apollo-private-171726533.html
35725,Microbix Biosystems,MBX.TO
35762,Micron Technology,mu
35796,MicroVision,MVIS
35832,Mig Me,MIG.AT
35878,Milestone Scientific,MLSS
35929,Mimecast,MIME
35954,MIND C.T.I. Ltd,MNDO
35970,MINDBODY,meredith-corporation-mdp-mindbody-inc-141100444.html
36030,Minerva Neuroscience,NERV
36161,Mirna Therapeutics,worlds-first-class-mirna-therapeutics-230000845.html
36226,Mistras Group,MG
36229,Mitek Systems,mitk
36320,MMRGlobal,MMM
36475,MobileIron,MOBL
36506,Mobileye,intel-plans-list-shares-mobileye-004459235.html
36540,Mobiquity Technologies,MOBQ
36635,Model N,MODN
36712,Mogo Finance Technology,MOGO
36761,Molecular Partners,moln.sw
36774,Molina Healthcare,MOH
36793,Momenta Pharmaceuticals,LZ1.F
36902,Monitise,fiserv-apos-monitise-acquisition-faces-131601843.html
36925,Monolithic Power Systems,MPWR
36929,Monotype Imaging Holdings,monotype-imaging-holdings-inc-moodys-184213163.html
36945,Montage Technology,688008.SS
37022,mporium,EMPORIUM
37054,Morningstar,MORN
37061,Morpho Technologies,3653.T
37063,MorphoSys,MOR
37311,MRC Global,MRC
37533,"MVB Bank,",MVBF
37806,MyoKardia,news
37834,MYR,MYR=X
37868,MySizeID,MYSZ
37971,Nivalis Therapeutics,ALPN
37983,Nabi Biopharmaceuticals,NABI
37986,Nabriva Therapeutics,NBRV
38005,NaiKun Wind Development,imagine-owning-naikun-wind-energy-112506677.html
38055,Nano Dimension,NNDM
38074,NanoCarrier Co,4571.T
38144,Nanosphere,NSHSF
38150,NanoString Technologies,NSTG
38153,Nanotech Security,NTSFF
38172,NanoViricides,nnvc
38184,Nanya Technology Corporation,2408.TW
38220,Nascent Biotech,nbio
38232,Natcore Technology,NTCXF
38233,Natera,NTRA
38251,National Technical Systems,nts-wins-2021-acg-innovation-160000893.html
38327,NHN Corp. (Naver),181710.KS
38332,Navidea Biopharmaceuticals,navb
38391,NCR,NCR
38489,Nektar Therapeutics,NKTR
38506,NEMUS Bioscience,nemus-bioscience-inc-changes-name-120000867.html
38536,NeoGenomics Laboratories,NEO
38559,Neonode,NEON
38563,NeoPhotonics,NPTN
38569,Neos Therapeutics,NTE.F
38574,NeoStem,neostem-reach-real-value-end-094500971.html
38593,NephroGenex,nephrogenex-initiates-pivotal-oral-pyridorin-203215639.html
38596,Nephros,NEPH
38639,Net Element,nete
38686,NetDragon Websoft,0777.HK
38687,NetEase.com,NTES
38695,Netflix,NFLX
38698,NETGEAR,NTGR
38700,NetGenesis,http:%5E%5Ebiz.yahoo.com%5Ep%5En%5Entgx.html
38712,NetIQ,NETIQ%2CNOW%2CRATED
38717,Netlist,NLST
38772,NetSol Technologies,NTWK
38791,Network-1,NTIP
38849,Neurocrine Biosciences,NBIX
38854,NeurogesX,neurogesx-files-sell-2-97m-203754310.html
38863,NeuroMetrix,NURO
38884,NeuroSigma,neurosigma-announces-5-million-equity-100000973.html
38899,NeuroVive Pharmaceutical,NTP.SG
38921,Nevro,NVRO
38966,New Relic,NEWR
39025,NewLink Genetics,newlink-genetics-stockholders-approve-merger-120010533.html
39040,Newron Pharmaceuticals,NWRN.SW
39056,News Corp,NWSA
39104,The New York Times,NYT
39107,Newzulu Limited,seethruequity-initiates-coverage-newzulu-limited-131500956.html
39145,NexJ Systems,nxj.to
39158,Nexstim,NXTMH.HE
39164,NEXT Co,3566.T
39208,Nextest Systems,TER
39355,NightHawk Radiology Services,virtual-radiologic-expands-intellectual-property-140000959.html
39357,NIghtingale Informatix Corporation,community
39381,Nimble Storage,hpe-rach-te-nimble-storage-155901952.html
39450,NitroMed,NTMD
39502,Noah,NOAH
39510,Nobilis Health,NRTSF
39674,Northcore Technologies,NTCXF
39679,Northern Power Systems,NRTHF
39687,Northwest Biotherapeutics,NWBO
39759,NovaBay Pharmaceuticals,NBY
39766,NOVACYT,ALNOV.PA
39803,Novatel Wireless,novatel-wireless-mifi-looks-good-120012720.html
39809,Novavax,NVAX
39823,Novelos Therapeutics,novelos-therapeutics-announces-restructuring-board-123000673.html
39856,Novogen,NV9.DE
39908,NQ Mobile Inc.,NQ=F
40035,Numerex,nmrx
40120,Nutrisystem,ntri-tvty-nutrisystem-stock-skyrockets-200519073.html
40129,NuVasive,nuva
40159,Nvidia,NVDA
40294,Ocean Power Technologies,OPTT
40309,Ocera Therapeutics,tranzyme-announces-completion-merger-ocera-160657694.html
40350,Ocular Therapeutix,OCUL
40483,OHR Pharmaceutical,ohr-pharmaceutical-inc-announces-stockholder-170342399.html
40494,Oink,"AEO,OINK"
40526,OKWave,3808.N
40599,Omeros,OMER
40615,Omni Bio Pharmaceutical,OMBP
40674,OnDeck,ONDK
40718,OncoGenex,ONXC
40724,Oncolytics Biotech,ONCY
40726,OncoMed Pharmaceuticals,oncomed-pharmaceuticals-inc-nasdaq-omed-200228132.html
40727,Onconova Therapeutics,ontx
40736,OncoSec Medical,oncs
40738,Oncothyreon,oncothyreon-onty-continue-surge-higher-112611497.html
40741,OncoVista Innovative Therapies,OVIT
40859,OneRoof Energy,oneroof-energy-announces-agreement-sell-185847068.html
40964,Onstream Media,ONSM
40980,OnVista Group,comdirect-bank-ag-acquires-onvista-103101492.html
41167,OpenText Corporation,OTEX
41176,Opera,opra
41188,Opexa Therapeutics,makes-opexa-therapeutics-inc-acer-160004683.html
41190,OpGen,OPGN
41194,Ophthotech,ophthotech-corporation-nasdaq-opht-attractive-191130431.html
41205,OPKO Health,OPK
41211,Opnext,oclaro-opnext-merge-stock-transaction-204355055.html
41214,Opower,oracle-buys-opower-532-million-131704863.html
41345,Orad,ORAD.TA
41352,Oramed Pharmaceuticals,ORMP
41389,Orbite Aluminae,EORBF
41411,Orchestream,6533.T
41416,Orckit Communications,ORCT
41445,Orexigen Therapeutics,orex
41446,Orexo,ORX.ST
41462,OrganiGram,ogi
41465,Organovo Holdings,ONVO
41593,Osi Systems,OSIS
41595,Osiris Therapeutics,L3Q.DE
41654,Otonomy,OTIC
41751,OvaScience,ovas
41763,Overland Storage,overland-storage-r-red-finit-070000026.html
41771,Overstock.com,OSTK
41844,Oxford Immunotec,OXFD
41854,Oxigene,oxgn
41871,Oxygen Biotherapeutics,oxygen-biotherapeutics-raise-2-1m-140059894.html
41946,Pacific Biosciences,pacb
41949,Pacific Ethanol,peix
41988,Pactera,pactera-eutech-form-partnership-050000044.html
42039,Pain Therapeutics,pain-therapeutics-announces-name-change-123000603.html
42064,Palatin Technologies,PTN
42082,Palo Alto Networks,PANW
42096,Panacos Pharmaceuticals,panc
42118,Pandora Media,P
42126,Panera Bread,panera-bread-ceo-no-decision-yet-on-ipo-160857305.html
42230,Parade Technologies,4966.TWO
42268,Parametric Sound,parametric-sound-completes-merger-turtle-213000319.html
42322,Park City Group,PCYG
42334,ParkerVision,prkr
42342,Parkit Enterprise,PKT.V
42442,Passport Brands,begin-acquires-little-passports-leading-140000658.html
42510,Patient Home Monitoring,remote-patient-monitoring-rpm-market-160000854.html
42603,Paylocity,PCTY
42683,Peabody Energy,BTU
42729,Pebblebrook Hotel Trust,PEB
42877,Penumbra,PEN
42994,Perficient,PRFT
43049,Pernix Therapeutics,GTAQ.F
43133,Petco,WOOF
43179,Pfenex,pfnx
43183,PFSweb,PFSW
43235,PharmAthene,blog-coverage-pharmathene-altimmune-announced-131500842.html
43322,Phoenix New Media,FENG
43334,PhoneGuard,OPMG
43352,Phorm,FORM
43371,Photomedex,LA9A.F
43581,PIERIS Proteolab,PIRS
43843,Pixium Vision,PXH.F
43930,Planet Payment,net-elements-unified-payments-offer-124500921.html
43979,PlasmaTech,PMAH
44135,Plaza Bank,PLZ-UN.TO
44209,Plukka,PKA.AX
44237,Pluristem Therapeutics,PSTI
44346,POET Technologies,PTK.V
44456,PolyMedix,cellceutix-completes-acquisition-polymedix-assets-110000756.html
44596,Portola Pharmaceuticals,ptla
44621,PositiveID,POSITIVEID%20CORP
44669,Potash West,WRX.TO
44672,Potbelly Sandwich Works,PBPB
44756,PowerSecure International,"MN2.DE,Real-Time"
44770,Powerwave Technologies,wavefronts-powerwave-technology-set-implementation-221400459.html
44785,POZEN,pozen-attracts-votes-confidence-155036833.html
44788,PPG Industries,PPG
44864,Precision Optics,PEYE
44930,Premier Diagnostics,premier-diagnostic-health-services-inc-221100653.html
45011,Pressure BioSciences,PBIO
45074,Priceline,fin-srch
45144,Primo Water&Dispensers,PRMW
45169,Printcafe Software,PCAF
45254,Galectin Therapeutics,GALT
45271,Probiodrug,probiodrug-reports-financial-results-h1-050100161.html
45474,ProMetic Life Sciences,prometic-life-sciences-inc-tse-113629171.html
45503,ProNAi Therapeutics,dnai
45517,ProntoForms,PFM.V
45522,Proofpoint,thoma-bravo-completes-acquisition-proofpoint-123200814.html
45562,ProPhase Labs,PRPH
45645,Proteon Therapeutics,proteon-therapeutics-artara-therapeutics-agree-202000247.html
45664,Proto Labs,PRLB
45775,pSivida,PSDV
45796,PTC Therapeutics,PTCT
45846,Pulaski Bank,community
45882,Puma Biotechnology,PBYI
45918,PURE Bioscience,PURE
45934,Pure Storage,pstg
45935,Pure Technologies,PTTL
46020,Pushpay,PPH.AX
46060,PyroGenesis,PYR
46085,Q2ebanking,QTWO
46129,qianchengwuyou,stock_code_us.txt
46134,Qihoo 360 Technology,601360.SS
46177,QlikTech,QLIK
46269,Quad/Graphics,QUAD
46305,Quality Systems,QSII
46306,Quality Technology Services,QTS
46317,Qualys,QLYS
46328,Quanta Services,PWR
46369,Quantum,QMCO
46378,Quantum Materials Corporation,QTMM
46421,Quepasa,ciudad-h%C3%A9roes-pasa-wuhan-a%C3%B1os-090301339.html
46444,Quest Resource Holding Corporation,QRHC
46483,Quickflix,australia-video-meltdown-presto-close-quickflix-sold-u-090317041.html
46530,QuinStreet,QNST
46578,Qunar.com,qunr
46595,Quotient Biodiagnostics,QTNT
46703,Rackable Systems,CSGS
46706,Rackspace,RXT
46711,Rackwise,RACK
46725,Radcom,RDCM
46765,RadioShack,RSH
46771,Radisys,rsys
46776,Radius Health,RDUS
46821,Raincan,vhf-radio-market-forecast-to-092300201.html
46843,Rakuten,RKUNF
46859,Rambus,RMBS
46915,Rapid7,RPD
46937,Raptor Pharmaceuticals,raptor-pharmaceuticals-rptp-focus-stock-120512446.html
46947,RareJob Inc.,6096.T
47011,Raytheon Co.,RTX
47044,RDA Microelectronics,rda-microelectronics-acquired-tsinghua-unigroup-105558150.html
47083,ReachLocal,gannett-gci-acquire-reachlocal-boost-122512831.html
47153,REAL WORLD,stockrec
47186,RealPage,thoma-bravo-completes-acquisition-realpage-130000047.html
47263,Recipharm,RECI-B.ST
47309,Recro Pharma Inc.,REPH
47437,RedHill Biopharma,RDHL
47449,Redknee,"CRM,DIGICEL,GROUP,REDKNEE,SELECTS,SOLUTION"
47585,Regado Biosciences,regado-biosciences-rgdo-jumps-stock-131101283.html
47603,Regency Energy Partners,basics-regency-energy-partners-120535907.html
47616,REGENXBIO,rgnx
47635,Regulus Therapeutics,rgls
47720,Relypsa,relypsa-rlyp-shows-strength-stock-121512969.html
47726,Remark Media,MARK
47782,Renewable Energy Group,REGI
47805,Renovis Surgical Technologies,fr.finance.yahoo.com
47813,Renren Inc.,RENN
47904,Repligen,RGEN
47924,Repros Therapeutics,RPRX
47943,RESAAS,RSASF
47990,Resonant Inc,RESN
48000,Resource Capital,GDPEF
48009,"Respect Your Universe, Inc",ryu.v
48023,Response Biomedical,RBQP.DU
48069,Resverlogix,RVX.TO
48132,Retrophin,retrophin-inc-nasdaq-rtrx-released-131840643.html
48157,Revance Therapeutics,RVNC
48368,RIB Software,RSTAY
48375,RiceBran Technologies,RIBT
48413,Rigel Pharmaceuticals,RIGL
48435,Rightside,NAME
48442,RigNet,RNET
48462,RingCentral,RNG
48538,RiT Technologies Ltd.,RITT
48597,RLJ Entertainment,RLJE
48631,Roam Technologies,roam
48700,Rocket Fuel,RKFL
48702,Rocket Internet,RCKZF
48743,Rockwell Collins,col
48744,Rockwell Medical,RMTI
48766,Roka Bioscience,investors-know-roka-bioscience-inc-205929022.html
48884,Rosetta Genomics,ROSGQ
48925,Rouse Properties,rouse-properties-acquired-affiliate-brookfield-181205553.html
48979,RPX Corporation,rpx.v
48982,RR Media,rr-media-finalizes-name-change-120000784.html
49009,Rubicon Project,rubicon-project-rubi-stock-sinks-214509329.html
49030,Ruckus Wireless,rkus
49118,rVue,rvue
49136,RXi Pharmaceuticals,RXII
49219,Sadbhav Infrastructure Projects,SADBHIN.NS
49231,Safe Bulkers,SB
49301,SAGE Therapeutics,SAGE
49311,Sagent Pharmaceuticals,sagent-pharmaceuticals-announces-start-niaid-155200182.html
49325,Science Applications International Corporation (SAIC),SAIC
49343,Sajan,Pasari%20(Sajan%20Kumar)
49368,Salesforce,crm
49403,Salon Media Group,SLNM
49515,Sandvine,sandvine-launches-industrys-first-innovation-140000569.html
49522,Sangamo BioSciences,sgmo
49549,Sanswire,SNWR
49559,Santhera Pharmaceuticals Holding,sann.sw
49567,SAP,SAP
49580,Sapiens International,SPNS
49598,Sarepta Therapeutics,SRPT
49612,Sasken Communication Technologies,SASKEN.NS
49649,Savaree,savatree-merges-preservation-tree-services-000000987.html
49721,Sberbank,SBRCY
49897,SCIO Diamond Corporation,SCIO
49941,"theScore, Inc.",TSCRF
50024,Scripps Networks Interactive,scripps-networks-interactive-inc-sni-200014836.html
50059,SCYNEXIS,SCYX
50076,SeaBright Insurance,seab
50077,SeaChange International,SEAC
50084,Seagate,STX
50152,Seattle Genetics,SGEN
50383,Selectica,444846.MC
50442,SeLoger.com,seloger-devrait-fr%C3%B4ler-million-transactions-102900959.html
50477,SemGroup Corporation,semgroup-corporation-nyse-semg-insiders-122112944.html
50483,Semler Scientific,SMLR
50708,Sequans Communications,SQNS
50716,Sequenom,QNMA.F
50719,SeQuent Scientific,sequent.ns
50727,SeraCare Life Sciences,ATNF
50745,Seres Health,mcrb
50786,ServiceNow,NOW
50803,ServiceSource,SREV
50810,Servis1st Bank,SFBS
50852,Sevcon,featured-company-news-sevcon-acquired-111000009.html
50855,Seven Generations Energy,VII.TO
50922,Shanda Games,shanda-games-game-worth-watching-131119750.html
51142,Shicoh Engineering,SPX.L
51151,SHIFT,SFT
51296,Shopify,SHOP
51393,Shoubunsha Publications,finance.yahoo.com
51454,Shutterfly,1
51516,Siemens,SIE.de
51520,Sientra,SIEN
51695,Silver Spring Networks,SSNI
51856,Sina,SINA
51858,Sina Weibo,WB
51906,Sinosun Technology,300333.SZ
51942,SiRF Technology,Sirf
51952,"Sirius XM Radio, Inc.",SIRI
52153,Skullcandy,skullcandy-skul-focus-stock-adds-120012338.html
52164,SKY Network Technology,SYKWF
52202,Skyfii,SKF.AX
52299,Sleep Number,SNBR
52359,Slyce,syte-acquires-top-visual-search-140000117.html
52604,SMIC,0981.HK
52621,Smith Micro Software,SMSI
52668,Snakk Media,must-know-snakk-media-limited-182920494.html
52673,SNAP Interactive,SNAP
52750,Syndax Pharmaceuticals,SNDX
52760,Snipp Interactive,SPN.V
52796,SNSplus,6473.TWO
53016,SodaStream,SODA
53041,SofTech,SOFT
53052,SoftNet Systems,http:%5E%5Ebiz.yahoo.com%5Ep%5Es%5Esofn.html
53064,Software Artistry,software-veteran-launches-nft-venture-145400642.html
53081,Sohu.com,SOHU
53125,Solar Power Incorporated,FSLR
53135,Solar3D,profile
53142,SolarCity,SCTY
53144,SolarEdge,SEDG
53163,SolarWinds,SWI
53169,Solazyme,solazyme-szym-soars-stock-adds-115301275.html
53177,Solegear Bioplastics Inc.,good-natured-r-issues-notification-211500584.html
53297,SomnoMed,som.ax
53337,Sonic Automotive,SAH
53372,Sonus Networks,fv
53394,Sophiris Bio,sphs
53436,Soufun,SFUN
53545,Sovran Self Storage,sovran-self-storage-unveils-public-190222678.html
53637,Spark Therapeutics,spark-therapeutics-enters-collaboration-senti-123000317.html
53742,Spectral Diagnostics,EDTXF
53775,Speed Commerce,spdc
53822,Spherix,BP2M.SG
53875,SpineGuard,ALSGD.PA
53964,Splunk,SPLK
54138,Spotlight Innovation,return-sustainability-spotlight-5-innovation-140108813.html
54177,Spreadtrum Communications,tsinghua-unigroup-announces-offer-buy-111311277.html
54252,Sprylogics International Corp,ihookup-social-add-array-features-144328017.html
54269,SQI Diagnostics,sqd.v
54292,Square,SQ
54452,Staples,spls
54474,Starbucks,SBUX
54516,Startec Global Communications,profile
54618,SteadyMed Therapeutics,UTHR
54666,StemCells,USRM
54673,Stemline Therapeutics,why-stemline-therapeutics-stml-might-133301564.html
54702,Stereotaxis,STXS
54705,SteriGenics International,SHC
54708,STERIS Corporation,STE
54709,Sterling,STL
54724,Stevia First,stevia-first-corp-announces-proprietary-140000690.html
54811,Stonegate Mortgage,stonegate-mortgage-corporation-stockholders-approve-190000771.html
54935,Stratasys,SSYS
54957,restorgenex corp,resx-restorgenex-diffusion-pharma-merge-162000224.html
55126,Archipelago Learning,plato-learning-buy-archipelago-291m-142901668.html
55188,STYLEPIT,sociomantic-labs-advertisings-fastest-growing-083000308.html
55241,Suburban Ostomy Supply Company,SPH
55329,Sun National Bank,NA.TO
55356,Sunesis Pharmaceuticals,SNSS
55364,Sungy Mobile,gomo
55367,Suning,002024.SZ
55393,Sunrun,RUN
55398,Sunshine Heart,sunshine-heart-inc-prices-13-132022233.html
55433,Superconductor Technologies,SCON
55457,Supernus Pharmaceuticals,supn
55465,SuperSonic Imagine,supersonic-imagine-annonce-chiffre-d-160000245.html
55495,Supreme Pharmaceuticals,sprwf
55543,Surgery Partners,SGRY
55545,Surgical Care Affiliates,scai
55557,Surna,srna
55807,SymBio Pharmaceuticals,4582.T
55847,Synacor,sync
55923,Synergy Pharmaceuticals,SNYR
55949,Synta Pharmaceuticals,snta
55988,Sysorex,sysx
56024,T2 Biosystems,ttoo
56047,Tableau,"DATA,PPT"
56322,Tandem Diabetes Care,TNDM
56348,Tangoe,tangoe-introduces-playbook-combat-high-190000740.html
56370,Taomee,6428.TWO
56478,Tarena,TEDU
56479,Targacept,targacept-stops-alzheimers-drug-trial-192839406.html
56481,Targanta Therapeutics,tgtx
56695,TearLab Corporation,TLB.TO
56716,TechFaith Wireless Technology,CNTFY
56769,TechTarget,TTGT
56783,Tecogen,TGEN
56833,Teladoc,TDOC
56848,Telecom Italia,tit.MI
56859,Telefonica,TEF.TI
56907,Telik,telk
56913,Telit Wireless Solutions,TTCNF
56951,Telvent Git,telvent-completes-brand-integration-schneider-144152978.html
56991,Tencent Holdings,TCEHY
57012,Tengion,TNGNQ
57088,Terra Firma Capital Corporation,TII.V
57099,TerraForm Energy,terp
57111,TerraSky,3915.T
57126,TESARO,tsro
57128,Tesco,TSCO.L
57132,Tesla Motors,TSLA
57139,Tessera Technologies,TEB.DE
57173,Tetra Tech,TTEK
57175,TetraLogic Pharmaceuticals,TLOG
57176,Tetraphase Pharmaceuticals,TTPH
57189,Texas Instruments,TXN
57224,Textura,oracle-textura-now-manages-payments-120000454.html
57231,TG Therapeutics,TGTX
57261,The Advisory Board Company,profile
57372,The Dolan Company,profile
57491,The Jacksonville Bank,td-bank-add-more-250-193000867.html
57577,1-Page,finance.yahoo.com
57809,TherapeuticsMD,TXMD
57820,Theravance,tbph
57821,Theravance Biopharma,tbph
57865,TheStreet,STT
57930,ThinkSmart,TSL.L
58043,Threshold Pharmaceuticals,THLD
58194,TiGenix,TIG.BR
58335,TIO Networks,tio-networks-present-ld-micro-140000357.html
58381,Titan Medical,TMDI
58383,Titan Pharmaceuticals,TTNP
58394,TiVo,TIVO
58430,Immune Therapeutics,IMUN
58447,TOBESOFT,079970.KQ
58448,Tobii AB,TOBII.ST
58449,Tobira Therapeutics,tbra
58474,Tokai Pharmaceuticals,TOKTY
58527,Tonix Pharmaceuticals Holding,TNXP
58559,Top Image Systems,acquisition-top-image-systems-kofax-130000615.html
58560,Minds + Machines Group Limited,MMX.L
58645,Toro Energy,toe.ax
58767,TowerJazz,TSEM
58839,TRACON Pharmaceuticals,TCON
58996,Transcept Pharmaceuticals,VRTX
59007,TransEnterix,trxc
59020,Transgenomic,2013-09-24-transgenomic-to-present-at-the-craig-hallum-4th-an.html
59029,Transition Therapeutics,TTHI
59075,TransUnion,TRU
59224,Tremor Video,trmr
59270,Trevena,trvn
59375,Trimble,TRMB
59377,Trimel Pharmaceuticals,ASP.TO
59378,TRINA SOLAR LTD,688599.SS
59384,Trinity Industries,TRN
59491,TriState Capital,TSC
59501,TriVascular,TRIV
59522,TRONICS GROUP,ALTRO.PA
59557,Trubion Pharmaceuticals,REGN
59589,TRUECar,TRUE
59640,Trunkbow,trunkbow-partners-china-unionpay-payment-110404179.html
59643,Trupanion,trup
59706,Trxade Group,meds
59753,TubeMogul,TUBE
59816,Tuniu,TOUR
60022,Twitter,TWTR
60115,U.S. Auto Parts Network,PRTS
60123,U.S. Silica,SLCA
60177,uBid Holdings,QMKR
60191,Ubiquiti Networks,UI
60298,Ulta Beauty,ULTA
60304,Ultimate Software,ultimate-software-agrees-11-billion-135043430.html
60317,Ultragenyx Pharmaceutical,RARE
60319,Ultralife,ULBI
60333,ULURU,ulur
60413,Uni-Pixel,UNXLQ
60445,Unilife Corporation,unilife-corporation-unis-jumps-stock-120903694.html
60470,UniQure,qure
60525,UnitedHealthcare,UNH
60745,UQM Technologies,UQM
60823,UrtheCast,UR.TO
60852,USA Technologies,usat
60941,UTStarcom,utsi
60987,Vaccinogen,the-global-cancer-vaccines-market-181300747.html
61020,Valera Pharmaceuticals,VRCA
61040,ValiRX,val.l
61068,ValueClick,valueclick-divest-o-o-segment-212505917.html
61094,VanceInfo Technologies,VIT
61096,Vanda Pharmaceuticals,vnda
61169,Varonis Systems,VRNS
61246,VBI Vaccines,VBIV
61276,VECTOR INC.,6058.T
61297,Veeco Instruments,VECO
61308,Veeva,VEEV
61361,Velti,velti-one-largest-mobile-ad-193407452.html
61424,VentriPoint Diagnostics,VPT.V
61427,Ventrus Biosciences,VTYX
61482,Veracyte,VCYT
61488,Verastem,VSTM
61552,VeriTeQ Corporation,VTEQ
61562,Verizon Communications,VZ
61563,Verkkokauppa.com,VERK.HE
61565,Vermillion,VET
61585,VersaPay,versapay-pymnts-publish-research-based-120000802.html
61586,Versartis,vsar
61591,Verseon,vrso
61608,Vertex Energy,VTNR
61609,Vertex Pharmaceuticals,VRTX
61614,Vertical Communications,VER
61702,VF Corporation,VFC
61733,ViaCell,VSL
61752,Viamet Pharmaceuticals,viamet-pharmaceuticals-files-ipo-152532428.html
61755,ViaSat,VSAT
61927,ViewCast,VCST
61935,Viewpoint,VIEW
61949,"Viggle, Inc.",VGGL
61982,Viking Therapeutics,vktx
62007,Vimicro International Corporation,vimicro-international-corp-vimc-jumps-105611054.html
62057,Violin Memory,vmem
62065,vip.com,VIPS
62075,Vipshop,VIPS
62128,VirnetX,VHC
62129,Virobay,VBAY
62203,Virtusa,VRTU
62232,Vishay Precision Group,VPG
62267,Vision Sciences,APVS
62276,VisionChina Media Inc,borrelli-walsh-cayman-limited-announces-215701641.html
62309,VistaGen Therapeutics,VTGN
62332,Visualant,2013-09-10-visualant-reveals-chromaid-scanner-featuring-an-ul.html
62356,Vitae Pharmaceuticals,3VP.F
62376,Vital Therapies,vital-therapies-immunic-therapeutics-announce-090000352.html
62459,Vivione Biosciences,vivione-biosciences-inc-announces-agreement-120000071.html
62480,Vixel Corporation,fr.finance.yahoo.com
62559,Vocation,Job
62562,Vocera Communications,VCRA
62566,Vocus Communications,VOC.AX
62571,Vodis Pharmaceuticals,1JV1.SG
62573,vogogo,vogogo-inc-announces-rebrand-cryptologic-110000825.html
62612,Volex,VLX.L
62614,VOLITIONRX,VNRX
62636,Voltari,VLTCP
62654,Vonage,VG
62749,Voyager Therapeutics,VYGR
62785,Vringo,VRNGW
62856,Vuzix,vuzi
62906,WaferGen Biosystems,ttoo
62913,WageWorks,healthequity-completes-acquisition-wageworks-130000279.html
62985,Walvax Biotechnology,300142.sz
63006,WANdisco,wand.l
63072,WashingtonFirst Bankshares,wfbi
63145,Wave Life Sciences,WVE
63188,Wayfair,W
63327,WebEx Communications,CSCO
63328,"Workiva, Inc.",WK
63350,WebMD,webmd-acquired-kkr-cash-deal-110223865.html
63376,WebSideStory,wssi
63377,Website Pros,PRO
63705,Wheeler Real Estate Investment Trust,WHLR
63971,WILEX,0QW5.L
63979,Williams-Sonoma,WSM
64009,Windeln.de,wdl.de
64026,WindStream Technologies,WINMQ
64110,Wireless Ronin Technologies,wireless-ronin-technologies-inc-raises-141500331.html
64215,Wix,WIX
64370,Workday,WDAY
64457,WorldGate Communications,8292.hk
64609,Wynyard Group,fr.finance.yahoo.com
64650,Xactly Corp,xtly
64714,CareDx,CDNA
64727,Xencor,xncr
64735,Xenith Bank,ZENB.L
64739,Xenon Pharmaceuticals,xene
64742,Xenoport,LMW.DE
64750,Xero,XRO.AX
64755,Xerox,XRX
64765,xG Technology,must-know-xg-technology-inc-103509457.html
64808,XING,xing
64832,XL Group,XL
64850,"XO Group, Inc.",xoxo
64896,Xplore Technologies,XPLR
64925,XTENT,XTNT
64954,Xueda Education Group,000526.SZ
64982,XZERES,xzeres-closes-1-5-million-123100629.html
65007,Yahoo!,finance.yahoo.com
65026,Yandex | Яндекс,kji
65140,Yelp,YELP
65220,Ymagis,ymagis-placement-liquidation-%C3%A0-suite-080000347.html
65302,Yoox Group,yoox-net-porter-group-sp-063724491.html
65336,YOU On Demand Holdings,demand-holdings-yod-jumps-stock-055434169.html
65382,Young Innovations,youth-innovation-prize-ingenious-inspires-125500515.html
65386,Youngevity International,YGYI
65491,YuMe,yume
65537,"YY, Inc.",YY
65562,Zafgen,chondrial-therapeutics-zafgen-complete-merger-120010517.html
65587,Zalicus,why-zalicus-zlcs-shares-could-130847743.html
65673,Zayo,ZAYO
65710,Zebra Technologies,ZBRA
65728,zeenworld,cathie-wood-thinks-tesla-will-triple-in-value-but-has-sold-266-million-shares-in-two-weeks
65751,Zeltiq Aesthetics,allergan-buy-fat-fighter-zeltiq-aesthetics-2-48-183332139--finance.html
65769,Zendesk,ZEN
65861,Zero Gravity Solutions,ZGSI
65966,Ziegler,EUZ.DE
66005,Zillow,Z
66051,Zions Bancorporation,ZION
66052,ZIOPHARM Oncology,ZIOP
66088,Ziptel,SKL.AX
66139,Zogenix,zgnx
66182,ZOOM Technologies,ZM
66215,Zoopla,v1
66216,Zooplus,ZO1.DE
66235,Zosano Pharma,ZSAN
66350,Zynerba Pharmaceuticals,ZYNE
66352,Zynga,ZNGA
